{
    "position": [
        -0.6,
        0.0003086857032030821,
        0.21622325479984283
    ],
    "orientation": [
        -0.0016710113268345594,
        0.007934767752885818,
        0.0007526827976107597,
        0.9999668598175049
    ],
    "grasp force": 300,
    "grasp duration": 2000
}