{
    "position": [
        0.0,
        0.0,
        -0.6
    ],
    "orientation": [
        0.7071067811865476,
        0.0,
        0.0,
        0.7071067811865476
    ],
    "grasp force": 300,
    "grasp duration": 2000
}