{
    "position": [
        1.7613068989397185e-11,
        -0.18171606957912445,
        -0.7
    ],
    "orientation": [
        0.7075471878051758,
        -1.2790613013180518e-10,
        -6.92607863422845e-12,
        0.706666111946106
    ],
    "grasp force": 300,
    "grasp duration": 2000
}